{
  "0": {
    "hora": "17:01 10/03/22",
    "mape": 0.30438216504419846,
    "mae": 2.5300925925925926,
    "ape90": 0.6600000000000023,
    "ape95": 1,
    "ae90": 5,
    "ae95": 6,
    "description": {
      "abs_error_ensemble2": {
        "count": 432,
        "mean": 2.5300925925925926,
        "std": 1.9599284969060595,
        "min": 0,
        "25%": 1,
        "50%": 2,
        "75%": 4,
        "max": 11
      },
      "ape_ensemble2": {
        "count": 432,
        "mean": 0.30438216504419846,
        "std": 0.3564142142483039,
        "min": 0,
        "25%": 0.1,
        "50%": 0.21428571428571427,
        "75%": 0.375,
        "max": 3
      }
    },
    "modelo": "EntradaUti",
    "outros": {
      "holidays": false,
      "future_covariates": [
        "after_holidays",
        "fim_ano"
      ],
      "past_covariates": true,
      "addSegunda": 0,
      "addTerca": 0,
      "subSabado": 0,
      "subDomingo": 0,
      "addAfterHolidays": 0,
      "subFimAno": 0,
      "melhor_coluna": "ensemble2"
    }
  },
  "1": {
    "hora": "17:22 10/03/22",
    "mape": 0.29509501028114504,
    "mae": 2.5208333333333335,
    "ape90": 0.5714285714285714,
    "ape95": 1,
    "ae90": 5,
    "ae95": 6,
    "description": {
      "abs_error_ensemble8_weekday": {
        "count": 432,
        "mean": 2.5208333333333335,
        "std": 1.965958849909113,
        "min": 0,
        "25%": 1,
        "50%": 2,
        "75%": 4,
        "max": 11
      },
      "ape_ensemble8_weekday": {
        "count": 432,
        "mean": 0.29509501028114504,
        "std": 0.3366846015892188,
        "min": 0,
        "25%": 0.1,
        "50%": 0.21428571428571427,
        "75%": 0.3700657894736842,
        "max": 3
      }
    },
    "modelo": "EntradaUti",
    "outros": {
      "holidays": true,
      "future_covariates": [
        "after_holidays",
        "fim_ano"
      ],
      "past_covariates": true,
      "addSegunda": 0,
      "addTerca": 0,
      "subSabado": 1,
      "subDomingo": 0,
      "addAfterHolidays": 0,
      "subFimAno": 0,
      "melhor_coluna": "ensemble8_weekday"
    }
  },
  "2": {
    "hora": "17:40 10/03/22",
    "mape": 0.30356362915621815,
    "mae": 2.5277777777777777,
    "ape90": 0.6600000000000023,
    "ape95": 1,
    "ae90": 5,
    "ae95": 6,
    "description": {
      "abs_error_ensemble2": {
        "count": 432,
        "mean": 2.5277777777777777,
        "std": 1.946897506151421,
        "min": 0,
        "25%": 1,
        "50%": 2,
        "75%": 4,
        "max": 11
      },
      "ape_ensemble2": {
        "count": 432,
        "mean": 0.30356362915621815,
        "std": 0.35181747239893263,
        "min": 0,
        "25%": 0.1,
        "50%": 0.21428571428571427,
        "75%": 0.375,
        "max": 3
      }
    },
    "modelo": "EntradaUti",
    "outros": {
      "holidays": true,
      "future_covariates": null,
      "past_covariates": true,
      "addSegunda": 0,
      "addTerca": 0,
      "subSabado": 0,
      "subDomingo": 0,
      "addAfterHolidays": 0,
      "subFimAno": 0,
      "melhor_coluna": "ensemble2"
    }
  },
  "3": {
    "hora": "17:53 10/03/22",
    "mape": 0.29509501028114504,
    "mae": 2.5208333333333335,
    "ape90": 0.5714285714285714,
    "ape95": 1,
    "ae90": 5,
    "ae95": 6,
    "description": {
      "abs_error_ensemble8_weekday": {
        "count": 432,
        "mean": 2.5208333333333335,
        "std": 1.965958849909113,
        "min": 0,
        "25%": 1,
        "50%": 2,
        "75%": 4,
        "max": 11
      },
      "ape_ensemble8_weekday": {
        "count": 432,
        "mean": 0.29509501028114504,
        "std": 0.3366846015892188,
        "min": 0,
        "25%": 0.1,
        "50%": 0.21428571428571427,
        "75%": 0.3700657894736842,
        "max": 3
      }
    },
    "modelo": "EntradaUti",
    "outros": {
      "holidays": true,
      "future_covariates": [
        "after_holidays",
        "fim_ano"
      ],
      "past_covariates": false,
      "addSegunda": 0,
      "addTerca": 0,
      "subSabado": 1,
      "subDomingo": 0,
      "addAfterHolidays": 0,
      "subFimAno": 0,
      "melhor_coluna": "ensemble8_weekday"
    }
  }
}