{"0": {"hora": "11:11 10/03/22", "mape": 0.2985958856775621, "mae": 2.627314814814815, "ape90": 0.6666666666666666, "ape95": 1, "ae90": 5, "ae95": 6, "description": {"abs_error_ensemble9_weekday": {"count": 432, "mean": 2.627314814814815, "std": 2.08685960914286, "min": 0, "25%": 1, "50%": 2, "75%": 4, "max": 13}, "ape_ensemble9_weekday": {"count": 432, "mean": 0.2985958856775621, "std": 0.33208275680691285, "min": 0, "25%": 0.1, "50%": 0.2, "75%": 0.375, "max": 2.6666666666666665}}, "modelo": "SaidaUti", "outros": {"holidays": true, "future_covariates": ["after_holidays", "fim_ano"], "past_covariates": true, "addSegunda": 0, "addTerca": 1, "subSabado": 0, "subDomingo": 0, "addAfterHolidays": 0, "subFimAno": 0, "melhor_coluna": "ensemble9_weekday"}}, "1": {"hora": "11:25 10/03/22", "mape": 0.2967182365776908, "mae": 2.615740740740741, "ape90": 0.6666666666666666, "ape95": 1, "ae90": 5, "ae95": 6, "description": {"abs_error_ensemble10_weekday": {"count": 432, "mean": 2.615740740740741, "std": 2.1041407430909684, "min": 0, "25%": 1, "50%": 2, "75%": 4, "max": 13}, "ape_ensemble10_weekday": {"count": 432, "mean": 0.2967182365776908, "std": 0.33249708271861866, "min": 0, "25%": 0.1, "50%": 0.20714285714285713, "75%": 0.3700657894736842, "max": 2.6666666666666665}}, "modelo": "SaidaUti", "outros": {"holidays": true, "future_covariates": null, "past_covariates": true, "addSegunda": 0, "addTerca": 1, "subSabado": 0, "subDomingo": 0, "addAfterHolidays": 0, "subFimAno": 0, "melhor_coluna": "ensemble10_weekday"}}, "2": {"hora": "11:40 10/03/22", "mape": 0.2985958856775621, "mae": 2.627314814814815, "ape90": 0.6666666666666666, "ape95": 1, "ae90": 5, "ae95": 6, "description": {"abs_error_ensemble9_weekday": {"count": 432, "mean": 2.627314814814815, "std": 2.08685960914286, "min": 0, "25%": 1, "50%": 2, "75%": 4, "max": 13}, "ape_ensemble9_weekday": {"count": 432, "mean": 0.2985958856775621, "std": 0.33208275680691285, "min": 0, "25%": 0.1, "50%": 0.2, "75%": 0.375, "max": 2.6666666666666665}}, "modelo": "SaidaUti", "outros": {"holidays": true, "future_covariates": ["after_holidays", "fim_ano"], "past_covariates": false, "addSegunda": 0, "addTerca": 1, "subSabado": 0, "subDomingo": 0, "addAfterHolidays": 0, "subFimAno": 0, "melhor_coluna": "ensemble9_weekday"}}, "3": {"hora": "11:57 10/03/22", "mape": 0.29455606939816253, "mae": 2.6319444444444446, "ape90": 0.6666666666666666, "ape95": 1, "ae90": 5, "ae95": 6, "description": {"abs_error_ensemble9_weekday": {"count": 432, "mean": 2.6319444444444446, "std": 2.09655510543641, "min": 0, "25%": 1, "50%": 2, "75%": 4, "max": 13}, "ape_ensemble9_weekday": {"count": 432, "mean": 0.29455606939816253, "std": 0.3254539286545285, "min": 0, "25%": 0.1, "50%": 0.2, "75%": 0.35714285714285715, "max": 2.6666666666666665}}, "modelo": "SaidaUti", "outros": {"holidays": false, "future_covariates": ["after_holidays", "fim_ano"], "past_covariates": true, "addSegunda": 0, "addTerca": 1, "subSabado": 1, "subDomingo": 0, "addAfterHolidays": 0, "subFimAno": 0, "melhor_coluna": "ensemble9_weekday"}}, "4": {"hora": "12:14 10/03/22", "mape": 0.2967182365776908, "mae": 2.615740740740741, "ape90": 0.6666666666666666, "ape95": 1.0, "ae90": 5.0, "ae95": 6.0, "description": {"abs_error_ensemble10_weekday": {"count": 432.0, "mean": 2.615740740740741, "std": 2.1041407430909684, "min": 0.0, "25%": 1.0, "50%": 2.0, "75%": 4.0, "max": 13.0}, "ape_ensemble10_weekday": {"count": 432.0, "mean": 0.2967182365776908, "std": 0.33249708271861866, "min": 0.0, "25%": 0.1, "50%": 0.20714285714285713, "75%": 0.3700657894736842, "max": 2.6666666666666665}}, "modelo": "SaidaUti", "outros": {"holidays": true, "future_covariates": null, "past_covariates": false, "addSegunda": 0, "addTerca": 1, "subSabado": 0, "subDomingo": 0, "addAfterHolidays": 0, "subFimAno": 0, "melhor_coluna": "ensemble10_weekday"}}, "5": {"hora": "12:28 10/03/22", "mape": 0.2960330068125999, "mae": 2.6435185185185186, "ape90": 0.6666666666666666, "ape95": 0.9214285714285698, "ae90": 6.0, "ae95": 6.0, "description": {"abs_error_ensemble10_weekday": {"count": 432.0, "mean": 2.6435185185185186, "std": 2.12656485406455, "min": 0.0, "25%": 1.0, "50%": 2.0, "75%": 4.0, "max": 13.0}, "ape_ensemble10_weekday": {"count": 432.0, "mean": 0.2960330068125999, "std": 0.32836456059765234, "min": 0.0, "25%": 0.1, "50%": 0.2, "75%": 0.3684210526315789, "max": 2.6666666666666665}}, "modelo": "SaidaUti", "outros": {"holidays": false, "future_covariates": null, "past_covariates": true, "addSegunda": 0, "addTerca": 1, "subSabado": 1, "subDomingo": 0, "addAfterHolidays": 0, "subFimAno": 0, "melhor_coluna": "ensemble10_weekday"}}}